0,*,*,*,Here's a list of stuff I can help with you.#Newline  About vaccine#Comma#Newline  Type of vaccine#Comma#Newline  Precautions of vaccine#Comma#Newline  Effectiveness of vaccine#Comma#Newline  List of all types of vaccines#Comma#Newline  Vaccines based on age.,default.aiml
0,About vaccine,*,*,Which vaccine do you want to know about?#Newline  1. BCG#Newline  2. Hepatitis B#Newline  3. OPV#Newline  4. DTaP#Newline  5. HiB#Newline  6. Rotavirus#Newline  7. MMR#Newline  8. Varicella#Newline  9. Hepatitis A#Newline  10. PCV,default.aiml
0,1,10. PCV,*,BCG is a vaccine primarily used against tb.  ,default.aiml


